RefDes,Qty,Value/Package,Manufacturer/MPN,Alternative,Rating/Notes,Status,Purpose,PackageDetail,Evidence/Source,Validation
F1,1,10A blade fuse (ATO),Littelfuse 0297010 / Bourns CF-2 equivalent,Any 10A ATO fuse from an established maker (verify datasheet; no qualification claimed),Vehicle RETRACT-domain feed; keep holder accessible,PROPOSED - verify fuse coordination with HEAD 30A / RETRACT 30A upstream,Module overcurrent clear,ATO blade + inline holder,Littelfuse 0297 datasheet (review at order); TI TIDA-01167 fuse concept,NEEDS PHYSICAL VALIDATION (HV4 fuse-clear)
FH1,1,ATO fuse holder sealed,Littelfuse 0358-series / TE equivalent,Any sealed ATO holder,30V DC min; accessible for service disconnect,PROPOSED,Fuse mounting + service disconnect,Panel/inline sealed,Maker datasheet at order,NEEDS DATASHEET REVIEW
D_REV,1,Ideal-diode / N-MOSFET reverse-polarity block,TI LM5050-1 + CSD18532KCS (OR-ing reverse block - NOT the TIDA-01167 LM5060-Q1 circuit - attribution corrected 2026-09-23),LM5050-1-Q1 automotive controller equivalent + 100 V-Vds-class N-FET REQUIRED (see notes),"Blocks reverse battery / jump-start reversal. Headroom verified ONLY for jump-start 24 V + reverse -14 V (LM5050-1 100 V abs, CSD18532KCS 60 V Vds). D-04 attack-session finding rev 0.3.3: unsuppressed dump (101 V) puts LM5050 IN at 101 V (> 100 V abs) and FET Vds ~59 V (~60 V abs); EFT +100 V puts Vds ~58 V. Margin 1-2 V is NOT headroom - LAB must confirm, and the FET MUST be 100 V Vds class at order (drop-in, no copper change).",PROPOSED - PARTIALLY RESOLVED (OE-01 voltage review; HV4 + LAB still required),Reverse-battery block,SOT-6 (LM5050-1) + TO-220 (100 V Vds N-FET, footprint remap at GUI per OE-12),TI LM5050-1 Rev F + FET datasheet at order (Vds >= 100 V, Rds <= 5 mohm, LM5050-compatible gate); TIDA-01167 TIDUC41A as protection-concept reference only; eng/transients.py D-04,NEEDS PHYSICAL VALIDATION (HV4 reverse + LAB dump)
TVS1,1,SMBJ26CA bidirectional TVS (600 W 10/1000 us class),Littelfuse SMBJ26CA,SMAJ26CA equivalent,"Vrwm 26 V / Vbr 28.9-31.9 V @1 mA / Vc 42.1 V @ Ipp 14.3 A (Littelfuse SMBJ series; cross-verified 2026-09-24 Littelfuse/ST/Brightking). No 26V-Vrwm avalanche TVS clamps below 38 V at any surveyed power class (400W-7000W - see PROTECTION_ANALYSIS). Rev 0.3.2: buck is LM46002-Q1 (65 V abs) so Vc 42.1 V coordinates with margin; SMBJ remains ESD/fast-transient class NOT a long-dump absorber - unsuppressed dump stays sacrificial-safe (TVS short -> F1 clears) + LAB. Compliance NOT claimed.",PROPOSED - PARTIALLY RESOLVED (OE-01: coordination via buck selection; energy/LAB still required),Transient clamp at entry,DO-214AA (SMB),"Littelfuse SMBJ series + ST DS1283 Rev 14 + TI LM46002-Q1 SNVSAA2B (verified 2026-09-24)",HV4 transient + LAB pulse-generator confirmation still required (OE-01)
U_BUCK,1,Buck converter 12V->5V 2A automotive,TI LM46002-Q1 (rev 0.3.2 OE-01 resolution; replaces LMR33630),LM46002A-Q1 PFM variant (same datasheet SNVSAA2B); LM65625-Q1 (TI successor 65V/2.5A - reviewer pointer only NOT evaluated here),"3.5-60 V operating / 65 V abs max VIN (SNVSAA2B Rev B 2017-07-14 S6.1/S6.3 verified 2026-09-24); TI part qualification only NOT a product claim; 2 A sync; 27 uA Iq. TVS Vc 42.1 V now WITHIN operating range (margin 17.9 V) and abs max (margin 22.9 V). Two-stage lesson kept. Inductor/compensation per datasheet at bench; precision-enable UVLO programming at bring-up.",PROPOSED - PARTIALLY RESOLVED (OE-01: voltage coordination by construction; LAB still required),5V rail for coils,HTSSOP-16 PWP (footprint remap at GUI per OE-12),TI LM46002-Q1 datasheet SNVSAA2B Rev B (verified 2026-09-24); LM46002PWPEVM reference,"HV4 transient + LAB pulse-generator confirmation + HV5/HV6 load/thermal still required (OE-01)"
L_BUCK,1,Buck inductor per U_BUCK datasheet (wired SW->L->5V node rev 0.3; was floating in sch),Coilcraft / Bourns per buck datasheet,Per buck reference design,Saturation current >= 2x load intent; verify at bench,PROPOSED,Buck energy storage,SMD power inductor,Buck datasheet reference design,NEEDS DATASHEET REVIEW
U_LDO,1,LDO 5V->3.3V 1A,ST KF33BD-TR class (as OpenWink rev1/2),AP2112K-3.3 / TLV1117LV33,Feeds ESP32-S3. Two-stage keeps dissipation low. Verify thermal at 70C ambient.,PROPOSED,3V3 MCU rail,SOT-223,ST KF33BD datasheet (review),NEEDS PHYSICAL VALIDATION (HV6 thermal)
U_MCU,1,ESP32-S3-WROOM-1 module,Espressif ESP32-S3-WROOM-1-N8,ESP32-S3-WROOM-1-N16R2,Coded-PHY BLE; NVS settings; HW watchdog 2 s. Firmware in firmware/src/main.cpp.,PROPOSED,Control + BLE + NVS,Castellated module 2x20,Espressif module datasheet (review at order),NEEDS PHYSICAL VALIDATION (flash + bench HV2)
K1,1,DPDT relay 5V coil LEFT-A,Omron G2R-2-DC5,TE RT-series DPDT 5V-coil equivalent (exact variant TBD at order - verify pinout + DC rating),NC = OEM pass-through (fail-safe); NO = MCU drive. 5A@30VDC resistive per G2R datasheet; DC inductive motor-load rating + stall TBD at HV3 - do NOT downrate.,PROPOSED - confirm against measured stall,Left polarity leg A,THT DPDT (footprint remap at GUI),Omron G2R datasheet (coil current + contact rating review; read exact 5V-coil current at order),NEEDS PHYSICAL VALIDATION (HV1 continuity + HV3 stall)
K2,1,DPDT relay 5V coil LEFT-B,Omron G2R-2-DC5,TE RT-series DPDT 5V-coil equivalent (exact variant TBD at order - verify pinout + DC rating),Pairs with K1 as reversing pair; both-high inhibited in firmware. 5A@30VDC resistive; DC inductive rating TBD at HV3.,PROPOSED - confirm against measured stall,Left polarity leg B,THT DPDT (footprint remap at GUI),Omron G2R datasheet,NEEDS PHYSICAL VALIDATION (HV1/HV3)
K3,1,DPDT relay 5V coil RIGHT-A,Omron G2R-2-DC5,TE RT-series DPDT 5V-coil equivalent (exact variant TBD at order - verify pinout + DC rating),NC = OEM pass-through; NO = MCU drive. 5A@30VDC resistive; DC inductive rating TBD at HV3.,PROPOSED - confirm against measured stall,Right polarity leg A,THT DPDT (footprint remap at GUI),Omron G2R datasheet,NEEDS PHYSICAL VALIDATION (HV1/HV3)
K4,1,DPDT relay 5V coil RIGHT-B,Omron G2R-2-DC5,TE RT-series DPDT 5V-coil equivalent (exact variant TBD at order - verify pinout + DC rating),Pairs with K3; staggered vs left (>=150 ms). 5A@30VDC resistive; DC inductive rating TBD at HV3.,PROPOSED - confirm against measured stall,Right polarity leg B,THT DPDT (footprint remap at GUI),Omron G2R datasheet,NEEDS PHYSICAL VALIDATION (HV1/HV3)
Q1-Q4,4,NPN low-side coil driver MMBT2222A,Onsemi MMBT2222A,BC847 equivalent,1k base from 3V3 GPIO; 5V-coil current TBD from G2R datasheet at order - re-verify saturation margin + HV2 coil check; verify coil current < 150 mA.,PROPOSED,Relay coil switches,SOT-23 x4,Onsemi MMBT2222A datasheet,NEEDS DATASHEET REVIEW + HV2 coil check
R1-R4,4,Base resistor 560R 0603 1% (D-07 attack-session change, was 1k),Yageo RC0603FR-07560R series (verify exact MPN at order),Any 0603 560R 1%,"Ib ~4.5 mA nominal; worst-corner saturation margin 1.42 (was 0.80 at 1k - cold + hFE-min + VOH-droop corner desaturated; see eng/monte_carlo.py). GPIO source ~4 mA within ESP32-S3 capability.",PROPOSED,NPN base drive,0603,Maker datasheet (generic) + eng/monte_carlo.py worst-case,HV2 coil check (Vce sat scope)
R_AUX1-R_AUX2,2,Pullup resistor 10k 0603 1% (AUX active-low sense),Yageo RC0603FR-0710KL,Any 0603 10k 1%,External pullups harden off-board switch sense vs MCU 45k internal only (added rev 0.3; kills ERC pin_not_driven).,PROPOSED,AUX sense pullups,0603,Maker datasheet (generic),DESIGN REVIEW
D1-D4,4,Flyback diode 1N4148,Vishay 1N4148,1N4148W equivalent,Across each coil (cathode to 5V side); verify orientation at review.,PROPOSED,Coil suppression,SOD-123 x4,Vishay 1N4148 datasheet,DESIGN REVIEW + HV2 scope check
D5,1,1N4148 antiparallel opto-input reverse protection (D-05 attack-session addition rev 0.3.3),Vishay 1N4148,1N4148W equivalent,"Across opto LED input (K to BTN_SENSE, A to GND); clamps reverse to ~0.7 V, inert forward. REQUIRED because 4N25 LED abs max VR is 5-6 V (Vishay datasheet) while reverse battery can impose ~14 V across R_SENSE + LED.",PROPOSED,Opto reverse protection,SOD-123,Vishay 4N25 VR abs max (verified 2026-09-24 via manufacturer datasheet); eng/transients.py,HV4 reverse confirm
U_OPTO_BTN,1,Optocoupler 4N25-class BTN_SENSE,Onsemi 4N25,Vishay 4N25-X009,High-Z tap + series ~590R class (meter first). Sense only - never drive.,PROPOSED,Retractor-switch sense,DIP-6,Onsemi 4N25 datasheet; OpenWink rev3 590R note (reference),NEEDS PHYSICAL VALIDATION (metered levels HV2)
R_SENSE,1,Series resistor per metered levels (~590R class intent),Yageo RC0603 series,TBD after metering,Values set AFTER donor-car metering; do NOT stuff blindly.,PROPOSED - values TBD by metering,Opto input conditioning,0603,Donor-car measurement (NOT RUN),BLOCKED until metering
J1,1,8-pos sealed automotive connector MX120G-class intent,Molex MX120G-series 8-pos (sealed),JST / TE sealed 8-pos equivalent,"Sealed - vehicle side. PROPOSED candidate only; shell/terminal P/N + keying NEEDS-MEASUREMENT. PARTIALLY RESOLVED (OE-02 rev 0.3.2): MX120G max 1.0 mm2 (Molex family page + PS-36790-001 verified 2026-09-24) - 2.5/1.5 runs join via 1.0 mm2 FLRY-B pigtails + ultrasonic splice + TE SCT seal (see HARNESS.md); direct crimp of 2.5/1.5 PROHIBITED; run-gauge sizing still TBD on measured stall.",PROPOSED - PARTIALLY RESOLVED (OE-02 mechanical; electrical sizing TBD),Vehicle harness interface,MX120G 8-pos + 36799-series terminals + seals,Molex MX120G 36783/36792/36799 + PS-36790-001 (verified 2026-09-24; 1.0mm2 grip P/N per SD-36799-001 at order),Mating on donor car + run-gauge sizing on measured stall still required (OE-02)
J2-J3,2,Motor-side sealed 3-pos connectors,Molex MX120G-series 3-pos,Matching sealed series,"To each retractor motor pigtail via plug-and-play adapter. PARTIALLY RESOLVED (OE-02 rev 0.3.2): 1.5 mm2 MOT runs join via 1.0 mm2 pigtails + ultrasonic splice + TE SCT seal (see HARNESS.md); direct crimp of 1.5 PROHIBITED; run-gauge sizing still TBD on measured stall.",PROPOSED - PARTIALLY RESOLVED (OE-02 mechanical; electrical sizing TBD),Motor pigtail adapters,MX120G 3-pos + 36799-series terminals + seals,Molex MX120G + PS-36790-001 (verified 2026-09-24),Mating + run-gauge sizing on measured stall still required (OE-02)
J_PROG,1,Programming header 1x06 P2.54 (6-pin symbol rev 0.3; was 3-pin placeholder),Samtec / generic 1x06 header,Any 2.54mm header,TX/RX/3V3/GND/EN/BOOT for flashing + diagnostics.,PROPOSED,Flash + debug,THT 1x06,Generic (review),DESIGN REVIEW
C_BULK,2,470uF 50V electrolytic (uprated rev 0.3.2 OE-01),Nichicon UHW-series 50V,Any 105C-rated 50V equivalent,"Bulk for inrush / ride-through. Uprated because TVS clamp 42.1 V exceeds the former 35 V rating (clamp arithmetic 2026-09-24). ESR + ripple to confirm.",PROPOSED,Bulk ride-through,Radial (footprint remap at GUI per OE-12),Nichicon UHW datasheet (verify 50V series at order),NEEDS PHYSICAL VALIDATION (HV2 inrush)
C_DEC,5,"100nF 50V ceramic per rail + MCU pins (C_DEC1/2 3V3, C_DEC3-5 5V; placed rev 0.3)",Murata GRM155-series,Any X7R 100nF,One per rail + per MCU supply pin intent.,PROPOSED,Decoupling,0603,Murata datasheet (generic),DESIGN REVIEW
TP_x,8,Test points TP_VBAT TP_3V3 TP_5V TP_COIL TP_MOT TP_GND,Keystone 5000-series,Any through-hole loop,HV1-HV4 measurement points near J1 edge.,PROPOSED,Bench measurement,TH loop,Keystone datasheet,DESIGN REVIEW
PCB,1,2-layer FR-4 100x70mm 1.6mm 1oz Cu,JLCPCB / PCBWay class fab,-,"Motor tracks 2.0mm; star GND; TVS at entry. NOT fabrication-ready: ERC 0 errors + DRC 0 shorting/clearance/crossing/edge (2026-09-23 GND zone-fill artifact); GUI remap/fill + HV1-HV4 still required.",REVIEW DRAFT,Module substrate,100x70mm 2L 1oz,hardware/kicad/ review draft,"ERC/DRC run 2026-09-23 (see STATUS.txt); BLOCKED until GUI remap/fill + HV1-HV4"
ENC,1,Parametric enclosure (OpenSCAD hardware/cad/enclosure.scad),Printed ASA prototype (Bambu-class) or ABS,-,Prototype material ONLY. NOT automotive-qualified; thermal/moisture/vibration limits in SAFETY_CASE.,PROTOTYPE ONLY,Dust/touch protection on bench,Printed ASA/ABS,SAFETY_CASE H6 limits,NOT automotive-qualified by design
